time_s,truth_m,sensor_a_m,sensor_b_m,filtered_a_m,filtered_b_m,estimate_m
0.0,2.8,2.84,2.82,2.84,2.82,2.835
0.05,2.8,2.6,,2.7199999999999998,2.82,2.745
0.1,2.8,3.02,,2.84,2.82,2.835
0.15000000000000002,2.8,2.56,,2.6,2.82,2.6550000000000002
0.2,2.8,2.93,2.86,2.93,2.8339999999999996,2.906
0.25,2.8,2.71,,2.71,2.8339999999999996,2.7409999999999997
0.30000000000000004,2.8,2.66,,2.71,2.8339999999999996,2.7409999999999997
0.35000000000000003,2.8,3.0500000000000003,,2.71,2.8339999999999996,2.7409999999999997
0.4,2.8,3.61,2.7800000000000002,3.0500000000000003,2.8150999999999997,2.991275
0.45,2.8,2.44,,3.0500000000000003,2.8150999999999997,2.991275
0.5,2.8,2.82,,2.82,2.8150999999999997,2.8187749999999996
0.55,2.8,1.68,,2.44,2.8150999999999997,2.533775
0.6000000000000001,2.8,3.0700000000000003,2.9,2.82,2.8448149999999996,2.8262037499999995
0.65,2.8,2.7,,2.7,2.8448149999999996,2.7362037500000005
0.7000000000000001,2.8,2.92,,2.92,2.8448149999999996,2.9012037499999996
0.75,2.8,2.69,,2.7,2.8448149999999996,2.7362037500000005
0.8,2.8,2.8000000000000003,2.82,2.8000000000000003,2.8361297499999996,2.8090324375
0.8500000000000001,2.8,2.84,,2.8000000000000003,2.8361297499999996,2.8090324375
0.9,2.8,3.06,,2.84,2.8361297499999996,2.8390324375
0.9500000000000001,2.8,2.44,,2.84,2.8361297499999996,2.8390324375
1.0,2.8,3.0500000000000003,2.84,3.0500000000000003,2.8374843375,2.996871084375
1.05,2.8,2.71,,2.71,2.8374843375,2.7418710843749996
1.1,2.8,2.92,,2.92,2.8374843375,2.899371084375
1.1500000000000001,2.8,2.92,,2.92,2.8374843375,2.899371084375
1.2000000000000002,2.8,2.75,2.98,2.92,2.8873648193749997,2.91184120484375
1.25,2.8,3.08,,2.92,2.8873648193749997,2.91184120484375
1.3,2.8,2.86,,2.86,2.8873648193749997,2.86684120484375
1.35,2.8,2.74,,2.86,2.8873648193749997,2.86684120484375
1.4000000000000001,2.8,2.61,2.98,2.74,2.9197871325937497,2.7849467831484374
1.4500000000000002,2.8,2.83,,2.74,2.9197871325937497,2.7849467831484374
1.5,2.8,3.06,,2.83,2.9197871325937497,2.8524467831484372
1.55,2.8,2.93,,2.93,2.9197871325937497,2.9274467831484374
1.6,2.8,2.82,2.88,2.93,2.9058616361859375,2.9239654090464846
1.6500000000000001,2.8,3.67,,2.93,2.9058616361859375,2.9239654090464846
1.7000000000000002,2.8,2.62,,2.82,2.9058616361859375,2.841465409046484
1.75,2.8,4.21,,3.67,2.9058616361859375,3.4789654090464843
1.8,2.8,2.82,2.7800000000000002,2.82,2.8618100635208594,2.8304525158802147
1.85,2.8,2.94,,2.94,2.8618100635208594,2.920452515880215
1.9000000000000001,2.8,2.62,,2.82,2.8618100635208594,2.8304525158802147
1.9500000000000002,2.8,2.93,,2.93,2.8618100635208594,2.912952515880215
2.0,2.8,2.96,2.86,2.93,2.8611765412885584,2.91279413532214
2.0500000000000003,2.8,2.86,,2.93,2.8611765412885584,2.91279413532214
2.1,2.8,3.0500000000000003,,2.96,2.8611765412885584,2.935294135322139
2.15,2.8,2.89,,2.89,2.8611765412885584,2.88279413532214
2.2,2.8,3.15,2.94,3.0500000000000003,2.888764751837563,3.009691187959391
2.25,2.8,2.88,,2.89,2.888764751837563,2.8896911879593907
2.3000000000000003,2.8,2.17,,2.88,2.888764751837563,2.882191187959391
2.35,2.8,2.7800000000000002,,2.7800000000000002,2.888764751837563,2.8071911879593907
2.4000000000000004,2.8,2.52,2.8000000000000003,2.52,2.857697088694416,2.6044242721736044
2.45,2.8,3.43,,2.7800000000000002,2.857697088694416,2.799424272173604
2.5,2.8,2.64,,2.64,2.857697088694416,2.6944242721736043
2.5500000000000003,2.8,2.9,,2.9,2.857697088694416,2.8894242721736036
2.6,2.8,2.35,2.82,2.64,2.8445031076513705,2.6911257769128425
2.6500000000000004,2.8,2.65,,2.65,2.8445031076513705,2.6986257769128423
2.7,2.8,2.97,,2.65,2.8445031076513705,2.6986257769128423
2.75,2.8,,,2.65,2.8445031076513705,2.6986257769128423
2.8000000000000003,2.8,2.44,2.92,2.65,2.870927019973391,2.7052317549933473
2.85,2.8,2.95,,2.95,2.870927019973391,2.930231754993348
2.9000000000000004,2.8,2.9,,2.9,2.870927019973391,2.8927317549933473
2.95,2.8,2.84,,2.9,2.870927019973391,2.8927317549933473
3.0,2.8,2.58,2.94,2.84,2.895102562982704,2.853775640745676
3.0500000000000003,2.8,2.59,,2.59,2.895102562982704,2.666275640745676
3.1,2.8,2.77,,2.59,2.895102562982704,2.666275640745676
3.1500000000000004,2.8,,,2.59,2.895102562982704,2.666275640745676
3.2,2.8,2.74,2.88,2.74,2.8898166659387576,2.7774541664846897
3.25,2.8,3.09,,2.77,2.8898166659387576,2.7999541664846896
3.3000000000000003,2.8,2.89,,2.89,2.8898166659387576,2.8899541664846895
3.35,2.8,3.0100000000000002,,3.0100000000000002,2.8898166659387576,2.97995416648469
3.4000000000000004,2.8,2.7600000000000002,,2.89,2.8898166659387576,2.8899541664846895
3.45,2.8,2.4,,2.7600000000000002,2.8898166659387576,2.79245416648469
3.5,2.8,3.0100000000000002,,2.7600000000000002,2.8898166659387576,2.79245416648469
3.5500000000000003,2.8,2.93,,2.93,2.8898166659387576,2.9199541664846898
3.6,2.8,2.91,2.82,2.93,2.8653808328601924,2.913845208215048
3.6500000000000004,2.8,,,2.93,2.8653808328601924,2.913845208215048
3.7,2.8,2.75,,2.91,2.8653808328601924,2.8988452082150484
3.75,2.8,2.99,,2.91,2.8653808328601924,2.8988452082150484
3.8000000000000003,2.8,2.5500000000000003,2.92,2.75,2.884497541359125,2.783624385339781
3.85,2.8,2.64,,2.64,2.884497541359125,2.7011243853397815
3.9000000000000004,2.8,3.0100000000000002,,2.64,2.884497541359125,2.7011243853397815
3.95,2.8,2.63,,2.64,2.884497541359125,2.7011243853397815
4.0,2.8,2.77,2.86,2.77,2.875923401883431,2.796480850470858
4.05,2.8,,,2.77,2.875923401883431,2.796480850470858
4.1000000000000005,2.8,4.0200000000000005,,2.77,2.875923401883431,2.796480850470858
4.15,2.8,3.0,,3.0,2.875923401883431,2.968980850470858
4.2,2.8,2.81,2.7600000000000002,3.0,2.83535021122423,2.9588375528060578
4.25,2.8,2.86,,2.86,2.83535021122423,2.8538375528060573
4.3,2.8,2.88,,2.86,2.83535021122423,2.8538375528060573
4.3500000000000005,2.8,2.64,,2.86,2.83535021122423,2.8538375528060573
4.4,2.8,2.63,2.7800000000000002,2.64,2.8159776372957497,2.6839944093239376
4.45,2.8,1.59,,2.63,2.8159776372957497,2.6764944093239373
4.5,2.8,2.87,,2.63,2.8159776372957497,2.6764944093239373
4.55,2.8,2.59,,2.59,2.8159776372957497,2.646494409323937
4.6000000000000005,2.8,3.14,2.82,2.87,2.8173854642422373,2.856846366060559
4.65,2.8,3.89,,3.14,2.8173854642422373,3.0593463660605593
4.7,2.8,2.86,,3.14,2.8173854642422373,3.0593463660605593
4.75,2.8,2.98,,2.98,2.8173854642422373,2.939346366060559
4.800000000000001,2.8,,2.86,2.98,2.832300551757454,2.9430751379393634
4.8500000000000005,2.8,2.66,,2.86,2.832300551757454,2.8530751379393635
4.9,2.8,2.86,,2.86,2.832300551757454,2.8530751379393635
4.95,2.8,2.73,,2.73,2.832300551757454,2.7555751379393634
5.0,2.8,2.95,2.7600000000000002,2.86,2.806995358642345,2.8467488396605862
5.050000000000001,2.8,3.0700000000000003,,2.95,2.806995358642345,2.9142488396605866
5.1000000000000005,2.8,2.59,,2.95,2.806995358642345,2.9142488396605866
5.15,2.8,2.8000000000000003,,2.8000000000000003,2.806995358642345,2.8017488396605863
5.2,2.8,2.81,2.86,2.8000000000000003,2.8255469831175244,2.806386745779381
5.25,2.8,2.24,,2.8000000000000003,2.8255469831175244,2.806386745779381
5.300000000000001,2.8,3.06,,2.81,2.8255469831175244,2.813886745779381
5.3500000000000005,2.8,2.63,,2.63,2.8255469831175244,2.678886745779381
5.4,2.8,2.74,2.82,2.74,2.8236055390263908,2.7609013847565977
5.45,2.8,2.5,,2.63,2.8236055390263908,2.6784013847565977
5.5,2.8,1.6400000000000001,,2.5,2.8236055390263908,2.5809013847565976
5.550000000000001,2.8,3.74,,2.5,2.8236055390263908,2.5809013847565976
5.6000000000000005,2.8,2.73,2.94,2.73,2.864343600367154,2.7635859000917886
5.65,2.8,2.6,,2.73,2.864343600367154,2.7635859000917886
5.7,2.8,2.67,,2.67,2.864343600367154,2.7185859000917887
5.75,2.8,3.04,,2.67,2.864343600367154,2.7185859000917887
5.800000000000001,2.8,2.77,2.7800000000000002,2.77,2.8348233402386502,2.7862058350596626
5.8500000000000005,2.8,3.0500000000000003,,3.04,2.8348233402386502,2.9887058350596627
5.9,2.8,,,3.04,2.8348233402386502,2.9887058350596627
5.95,2.8,2.79,,2.79,2.8348233402386502,2.8012058350596627
6.0,1.15,1.06,1.26,2.79,2.283635171155123,2.663408792788781
6.050000000000001,1.15,1.18,,1.18,2.283635171155123,1.4559087927887808
6.1000000000000005,1.15,1.16,,1.16,2.283635171155123,1.4409087927887807
6.15,1.15,1.1500000000000001,,1.16,2.283635171155123,1.4409087927887807
6.2,1.15,1.07,,1.1500000000000001,2.283635171155123,1.4334087927887809
6.25,1.15,1.62,,1.1500000000000001,2.283635171155123,1.4334087927887809
6.300000000000001,1.15,0.84,,1.07,2.283635171155123,1.3734087927887808
6.3500000000000005,1.15,1.02,,1.02,2.283635171155123,1.3359087927887807
6.4,1.15,1.29,1.24,1.02,1.9183628612508299,1.2445907153127074
6.45,1.15,1.18,,1.18,1.9183628612508299,1.3645907153127075
6.5,1.15,1.32,,1.29,1.9183628612508299,1.4470907153127075
6.550000000000001,1.15,1.17,,1.18,1.9183628612508299,1.3645907153127075
6.6000000000000005,1.15,1.24,1.34,1.24,1.7159358598130394,1.3589839649532598
6.65,1.15,0.38,,1.17,1.7159358598130394,1.3064839649532598
6.7,1.15,1.07,,1.07,1.7159358598130394,1.2314839649532598
6.75,1.15,1.1500000000000001,,1.07,1.7159358598130394,1.2314839649532598
6.800000000000001,1.15,1.28,1.22,1.1500000000000001,1.5423583088784758,1.248089577219619
6.8500000000000005,1.15,0.8300000000000001,,1.1500000000000001,1.5423583088784758,1.248089577219619
6.9,1.15,1.12,,1.12,1.5423583088784758,1.225589577219619
6.95,1.15,1.0,,1.0,1.5423583088784758,1.135589577219619
7.0,1.15,0.91,1.06,1.0,1.3735329007710093,1.0933832251927522
7.050000000000001,1.15,1.5,,1.0,1.3735329007710093,1.0933832251927522
7.1000000000000005,1.15,1.0,,1.0,1.3735329007710093,1.0933832251927522
7.15,1.15,1.33,,1.33,1.3735329007710093,1.3408832251927523
7.2,1.15,1.18,1.28,1.18,1.340796385501156,1.2201990963752891
7.25,1.15,1.0,,1.18,1.340796385501156,1.2201990963752891
7.300000000000001,1.15,0.93,,1.0,1.340796385501156,1.0851990963752889
7.3500000000000005,1.15,1.36,,1.0,1.340796385501156,1.0851990963752889
7.4,1.15,1.01,1.1400000000000001,1.01,1.2705176505757514,1.075129412643938
7.45,1.15,0.9500000000000001,,1.01,1.2705176505757514,1.075129412643938
7.5,1.15,1.33,,1.01,1.2705176505757514,1.075129412643938
7.550000000000001,1.15,1.34,,1.33,1.2705176505757514,1.315129412643938
7.6000000000000005,1.15,0.97,,1.33,1.2705176505757514,1.315129412643938
7.65,1.15,1.97,,1.34,1.2705176505757514,1.322629412643938
7.7,1.15,1.33,,1.33,1.2705176505757514,1.315129412643938
7.75,1.15,1.07,,1.33,1.2705176505757514,1.315129412643938
7.800000000000001,1.15,1.06,1.26,1.07,1.2668364728742385,1.1192091182185595
7.8500000000000005,1.15,1.12,,1.07,1.2668364728742385,1.1192091182185595
7.9,1.15,1.28,,1.12,1.2668364728742385,1.1567091182185596
7.95,1.15,1.12,,1.12,1.2668364728742385,1.1567091182185596
8.0,1.15,1.0,1.1,1.12,1.208443707368255,1.1421109268420637
8.05,1.15,1.24,,1.12,1.208443707368255,1.1421109268420637
8.1,1.15,1.1500000000000001,,1.1500000000000001,1.208443707368255,1.1646109268420637
8.15,1.15,1.1300000000000001,,1.1500000000000001,1.208443707368255,1.1646109268420637
8.200000000000001,1.15,1.3800000000000001,1.2,1.1500000000000001,1.2054884097893657,1.1638721024473415
8.25,1.15,1.44,,1.3800000000000001,1.2054884097893657,1.3363721024473416
8.3,1.15,1.27,,1.3800000000000001,1.2054884097893657,1.3363721024473416
8.35,1.15,1.07,,1.27,1.2054884097893657,1.2538721024473414
8.4,1.15,1.32,1.22,1.27,1.2105674663630877,1.2551418665907719
8.450000000000001,1.15,1.9000000000000001,,1.32,1.2105674663630877,1.292641866590772
8.5,1.15,0.99,,1.32,1.2105674663630877,1.292641866590772
8.55,1.15,1.23,,1.23,1.2105674663630877,1.2251418665907718
8.6,1.15,2.58,1.16,1.23,1.192868853136007,1.2207172132840016
8.65,1.15,1.51,,1.51,1.192868853136007,1.4307172132840018
8.700000000000001,1.15,1.37,,1.51,1.192868853136007,1.4307172132840018
8.75,1.15,1.16,,1.37,1.192868853136007,1.3257172132840018
8.8,1.15,1.34,1.16,1.34,1.1813647545384045,1.3003411886346012
8.85,1.15,1.04,,1.16,1.1813647545384045,1.165341188634601
8.9,1.15,0.9,,1.04,1.1813647545384045,1.0753411886346012
8.950000000000001,1.15,1.23,,1.04,1.1813647545384045,1.0753411886346012
9.0,1.15,1.21,1.26,1.21,1.208887090449963,1.2097217726124907
9.05,1.15,0.99,,1.21,1.208887090449963,1.2097217726124907
9.1,1.15,1.19,,1.19,1.208887090449963,1.1947217726124908
9.15,1.15,1.16,,1.16,1.208887090449963,1.1722217726124906
9.200000000000001,1.15,0.9400000000000001,1.26,1.16,1.2267766087924759,1.176694152198119
9.25,1.15,0.89,,0.9400000000000001,1.2267766087924759,1.011694152198119
9.3,1.15,1.07,,0.9400000000000001,1.2267766087924759,1.011694152198119
9.35,1.15,1.18,,1.07,1.2267766087924759,1.109194152198119
9.4,1.15,,1.22,1.07,1.2244047957151094,1.1086011989287774
9.450000000000001,1.15,1.24,,1.18,1.2244047957151094,1.1911011989287774
9.5,1.15,1.1500000000000001,,1.18,1.2244047957151094,1.1911011989287774
9.55,1.15,1.28,,1.24,1.2244047957151094,1.2361011989287773
9.600000000000001,1.15,1.2,1.2,1.2,1.215863117214821,1.2039657793037053
9.65,1.15,1.1500000000000001,,1.2,1.215863117214821,1.2039657793037053
9.700000000000001,1.15,0.98,,1.1500000000000001,1.215863117214821,1.1664657793037052
9.75,1.15,1.1500000000000001,,1.1500000000000001,1.215863117214821,1.1664657793037052
9.8,1.15,0.84,1.26,0.98,1.2313110261896338,1.0428277565474084
9.850000000000001,1.15,1.02,,1.02,1.2313110261896338,1.0728277565474085
9.9,1.15,1.04,,1.02,1.2313110261896338,1.0728277565474085
9.950000000000001,1.15,1.1,,1.04,1.2313110261896338,1.0878277565474086
10.0,1.15,1.56,1.28,1.1,1.248352167023262,1.1370880417558156
10.05,1.161,1.25,,1.25,1.248352167023262,1.2495880417558154
10.100000000000001,1.1720000000000002,2.23,,1.56,1.248352167023262,1.4820880417558153
10.15,1.183,1.29,,1.29,1.248352167023262,1.2795880417558156
10.200000000000001,1.1940000000000002,1.36,1.34,1.36,1.2804289085651201,1.3401072271412802
10.25,1.2049999999999998,1.54,,1.36,1.2804289085651201,1.3401072271412802
10.3,1.216,1.1300000000000001,,1.36,1.2804289085651201,1.3401072271412802
10.350000000000001,1.2270000000000003,1.17,,1.17,1.2804289085651201,1.19760722714128
10.4,1.238,1.19,1.22,1.17,1.2592787905673282,1.192319697641832
10.450000000000001,1.249,1.45,,1.19,1.2592787905673282,1.207319697641832
10.5,1.26,1.02,,1.19,1.2592787905673282,1.207319697641832
10.55,1.2710000000000001,1.1400000000000001,,1.1400000000000001,1.2592787905673282,1.1698196976418322
10.600000000000001,1.2820000000000003,1.61,1.32,1.1400000000000001,1.2805312138687635,1.175132803467191
10.65,1.293,0.68,,1.1400000000000001,1.2805312138687635,1.175132803467191
10.700000000000001,1.3040000000000003,0.45,,0.68,1.2805312138687635,0.8301328034671909
10.75,1.315,1.32,,0.68,1.2805312138687635,0.8301328034671909
10.8,1.326,1.28,1.46,1.28,1.3433452890146964,1.295836322253674
10.850000000000001,1.3370000000000002,1.28,,1.28,1.3433452890146964,1.295836322253674
10.9,1.348,0.97,,1.28,1.3433452890146964,1.295836322253674
10.950000000000001,1.3590000000000002,1.42,,1.28,1.3433452890146964,1.295836322253674
11.0,1.3699999999999999,1.7,1.4000000000000001,1.42,1.3631744378595527,1.4057936094648882
11.05,1.381,1.47,,1.47,1.3631744378595527,1.4432936094648883
11.100000000000001,1.3920000000000003,1.35,,1.47,1.3631744378595527,1.4432936094648883
11.15,1.403,1.31,,1.35,1.3631744378595527,1.3532936094648884
11.200000000000001,1.4140000000000001,1.81,,1.35,1.3631744378595527,1.3532936094648884
11.25,1.4249999999999998,1.21,,1.31,1.3631744378595527,1.3232936094648882
11.3,1.436,2.0,,1.81,1.3631744378595527,1.6982936094648882
11.350000000000001,1.4470000000000003,1.45,,1.45,1.3631744378595527,1.4282936094648881
11.4,1.458,1.59,1.58,1.59,1.4390633846087093,1.5522658461521774
11.450000000000001,1.469,1.49,,1.49,1.4390633846087093,1.4772658461521773
11.5,1.48,1.42,,1.49,1.4390633846087093,1.4772658461521773
11.55,1.491,1.54,,1.49,1.4390633846087093,1.4772658461521773
11.600000000000001,1.5020000000000002,1.5,1.46,1.5,1.4463911999956611,1.4865977999989153
11.65,1.513,1.73,,1.54,1.4463911999956611,1.5165977999989153
11.700000000000001,1.524,0.4,,1.5,1.4463911999956611,1.4865977999989153
11.75,1.535,0.96,,0.96,1.4463911999956611,1.0815977999989153
11.8,1.546,1.61,1.56,0.96,1.4861542799971796,1.0915385699992948
11.850000000000001,1.5570000000000002,1.61,,1.61,1.4861542799971796,1.579038569999295
11.9,1.568,1.8,,1.61,1.4861542799971796,1.579038569999295
11.950000000000001,1.5790000000000002,0.44,,1.61,1.4861542799971796,1.579038569999295
12.0,1.5899999999999999,1.58,1.62,1.58,1.5330002819981667,1.5682500704995417
12.05,1.601,1.74,,1.58,1.5330002819981667,1.5682500704995417
12.100000000000001,1.612,1.5,,1.58,1.5330002819981667,1.5682500704995417
12.15,1.623,1.54,,1.54,1.5330002819981667,1.5382500704995417
12.200000000000001,1.6340000000000001,1.41,1.6600000000000001,1.5,1.5774501832988084,1.519362545824702
12.25,1.645,1.54,,1.54,1.5774501832988084,1.5493625458247022
12.3,1.6560000000000001,1.62,,1.54,1.5774501832988084,1.5493625458247022
12.350000000000001,1.6670000000000003,1.98,,1.62,1.5774501832988084,1.6093625458247023
12.4,1.678,1.55,1.68,1.62,1.6133426191442255,1.6183356547860566
12.450000000000001,1.689,1.9100000000000001,,1.9100000000000001,1.6133426191442255,1.8358356547860564
12.5,1.7,1.81,,1.81,1.6133426191442255,1.7608356547860562
12.55,1.711,1.74,,1.81,1.6133426191442255,1.7608356547860562
12.600000000000001,1.7220000000000002,1.52,1.74,1.74,1.6576727024437465,1.7194181756109366
12.65,1.733,2.06,,1.74,1.6576727024437465,1.7194181756109366
12.700000000000001,1.7440000000000002,0.92,,1.52,1.6576727024437465,1.5544181756109368
12.75,1.755,1.73,,1.73,1.6576727024437465,1.7119181756109365
12.8,1.766,1.53,1.86,1.53,1.7284872565884353,1.5796218141471088
12.850000000000001,1.7770000000000001,1.72,,1.72,1.7284872565884353,1.7221218141471089
12.9,1.788,1.94,,1.72,1.7284872565884353,1.7221218141471089
12.950000000000001,1.7990000000000002,1.73,,1.73,1.7284872565884353,1.7296218141471087
13.0,1.81,1.6600000000000001,1.76,1.73,1.7395167167824828,1.7323791791956205
13.05,1.8210000000000002,1.92,,1.73,1.7395167167824828,1.7323791791956205
13.100000000000001,1.8320000000000003,3.11,,1.92,1.7395167167824828,1.8748791791956205
13.15,1.843,,,1.92,1.7395167167824828,1.8748791791956205
13.200000000000001,1.854,1.72,2.0,1.92,1.8306858659086138,1.8976714664771535
13.25,1.8649999999999998,1.81,,1.81,1.8306858659086138,1.8151714664771534
13.3,1.8760000000000001,1.95,,1.81,1.8306858659086138,1.8151714664771534
13.350000000000001,1.8870000000000002,1.69,,1.81,1.8306858659086138,1.8151714664771534
13.4,1.8980000000000001,2.02,1.94,1.95,1.868945812840599,1.9297364532101495
13.450000000000001,1.9090000000000003,1.41,,1.69,1.868945812840599,1.7347364532101497
13.5,1.92,1.92,,1.92,1.868945812840599,1.9072364532101496
13.55,1.931,1.97,,1.92,1.868945812840599,1.9072364532101496
13.600000000000001,1.9420000000000002,2.06,2.0,1.97,1.9148147783463894,1.9562036945865975
13.65,1.9529999999999998,1.9000000000000001,,1.97,1.9148147783463894,1.9562036945865975
13.700000000000001,1.9640000000000002,1.8,,1.9000000000000001,1.9148147783463894,1.9037036945865973
13.75,1.9749999999999999,1.85,,1.85,1.9148147783463894,1.8662036945865976
13.8,1.9860000000000002,1.84,,1.84,1.9148147783463894,1.8587036945865973
13.850000000000001,1.9970000000000003,1.9100000000000001,,1.85,1.9148147783463894,1.8662036945865976
13.9,2.008,1.81,,1.84,1.9148147783463894,1.8587036945865973
13.950000000000001,2.019,2.11,,1.9100000000000001,1.9148147783463894,1.9112036945865976
14.0,2.03,2.06,2.18,2.06,2.0076296059251533,2.0469074014812882
14.05,2.041,2.2,,2.11,2.0076296059251533,2.0844074014812883
14.100000000000001,2.0520000000000005,1.95,,2.06,2.0076296059251533,2.0469074014812882
14.15,2.0629999999999997,2.1,,2.1,2.0076296059251533,2.0769074014812885
14.200000000000001,2.0740000000000003,2.42,,2.1,2.0076296059251533,2.0769074014812885
14.25,2.085,1.71,,2.1,2.0076296059251533,2.0769074014812885
14.3,2.096,2.39,,2.39,2.0076296059251533,2.2944074014812883
14.350000000000001,2.107,2.05,,2.05,2.0076296059251533,2.039407401481288
14.4,2.118,2.2,2.0,2.2,2.0049592438513497,2.1512398109628377
14.450000000000001,2.129,2.0100000000000002,,2.05,2.0049592438513497,2.0387398109628374
14.5,2.1399999999999997,,,2.05,2.0049592438513497,2.0387398109628374
14.55,2.151,2.56,,2.2,2.0049592438513497,2.1512398109628377
14.600000000000001,2.162,2.07,2.24,2.07,2.0872235085033775,2.0743058771258442
14.65,2.173,2.0300000000000002,,2.07,2.0872235085033775,2.0743058771258442
14.700000000000001,2.184,2.14,,2.07,2.0872235085033775,2.0743058771258442
14.75,2.195,2.2600000000000002,,2.14,2.0872235085033775,2.1268058771258445
14.8,2.2060000000000004,1.8900000000000001,2.2600000000000002,2.14,2.1476952805271954,2.1419238201317987
14.850000000000001,2.2170000000000005,1.52,,1.8900000000000001,2.1476952805271954,1.9544238201317987
14.9,2.2279999999999998,2.29,,1.8900000000000001,2.1476952805271954,1.9544238201317987
14.950000000000001,2.239,2.94,,2.29,2.1476952805271954,2.254423820131799
15.0,2.25,2.16,2.32,2.29,2.208001932342677,2.269500483085669
15.05,2.254,2.63,,2.63,2.208001932342677,2.524500483085669
15.100000000000001,2.258,2.39,,2.39,2.208001932342677,2.3445004830856693
15.15,2.262,2.0,,2.39,2.208001932342677,2.3445004830856693
15.200000000000001,2.266,2.91,2.4,2.39,2.2752012560227404,2.361300314005685
15.25,2.27,2.29,,2.29,2.2752012560227404,2.2863003140056852
15.3,2.274,2.24,,2.29,2.2752012560227404,2.2863003140056852
15.350000000000001,2.278,2.16,,2.24,2.2752012560227404,2.248800314005685
15.4,2.282,2.42,2.32,2.24,2.290880816414781,2.2527202041036953
15.450000000000001,2.286,2.44,,2.42,2.290880816414781,2.387720204103695
15.5,2.29,2.63,,2.44,2.290880816414781,2.4027202041036952
15.55,2.294,2.25,,2.44,2.290880816414781,2.4027202041036952
15.600000000000001,2.298,2.0100000000000002,2.46,2.25,2.3500725306696078,2.2750181326674017
15.65,2.302,2.5100000000000002,,2.25,2.3500725306696078,2.2750181326674017
15.700000000000001,2.306,2.18,,2.18,2.3500725306696078,2.2225181326674024
15.75,2.31,2.37,,2.37,2.3500725306696078,2.365018132667402
15.8,2.314,2.24,2.54,2.24,2.416547144935245,2.2841367862338116
15.850000000000001,2.318,1.62,,2.24,2.416547144935245,2.2841367862338116
15.9,2.322,2.24,,2.24,2.416547144935245,2.2841367862338116
15.950000000000001,2.326,2.35,,2.24,2.416547144935245,2.2841367862338116
16.0,2.33,,2.44,2.24,2.4247556442079095,2.2861889110519775
16.05,2.334,2.49,,2.35,2.4247556442079095,2.3686889110519775
16.1,2.338,2.27,,2.35,2.4247556442079095,2.3686889110519775
16.150000000000002,2.342,2.19,,2.27,2.4247556442079095,2.3086889110519775
16.2,2.346,2.39,2.52,2.27,2.458091168735141,2.3170227921837854
16.25,2.35,2.32,,2.32,2.458091168735141,2.354522792183785
16.3,2.354,2.1,,2.32,2.458091168735141,2.354522792183785
16.35,2.358,2.45,,2.32,2.458091168735141,2.354522792183785
16.400000000000002,2.362,2.31,2.4,2.31,2.4377592596778417,2.3419398149194603
16.45,2.366,2.8000000000000003,,2.45,2.4377592596778417,2.4469398149194603
16.5,2.37,,,2.45,2.4377592596778417,2.4469398149194603
16.55,2.374,2.32,,2.32,2.4377592596778417,2.34943981491946
16.6,2.378,2.39,2.5,2.39,2.459543518790597,2.4073858796976495
16.650000000000002,2.382,2.52,,2.39,2.459543518790597,2.4073858796976495
16.7,2.386,1.34,,2.39,2.459543518790597,2.4073858796976495
16.75,2.39,2.52,,2.52,2.459543518790597,2.5048858796976496
16.8,2.394,2.23,2.48,2.23,2.466703287213888,2.2891758218034717
16.85,2.398,2.63,,2.52,2.466703287213888,2.506675821803472
16.900000000000002,2.402,1.99,,2.23,2.466703287213888,2.2891758218034717
16.95,2.406,2.73,,2.63,2.466703287213888,2.589175821803472
17.0,2.41,2.33,2.5,2.33,2.478357136689027,2.367089284172257
17.05,2.414,2.69,,2.69,2.478357136689027,2.637089284172257
17.1,2.418,2.36,,2.36,2.478357136689027,2.389589284172257
17.150000000000002,2.422,2.81,,2.69,2.478357136689027,2.637089284172257
17.2,2.426,2.35,2.52,2.36,2.4929321388478676,2.393233034711967
17.25,2.43,1.3900000000000001,,2.35,2.4929321388478676,2.385733034711967
17.3,2.434,2.39,,2.35,2.4929321388478676,2.385733034711967
17.35,2.438,2.42,,2.39,2.4929321388478676,2.415733034711967
17.400000000000002,2.442,2.63,2.4,2.42,2.460405890251114,2.4301014725627783
17.45,2.4459999999999997,2.64,,2.63,2.460405890251114,2.5876014725627785
17.5,2.45,2.46,,2.63,2.460405890251114,2.5876014725627785
17.55,2.454,2.6,,2.6,2.460405890251114,2.5651014725627785
17.6,2.458,2.5300000000000002,2.56,2.5300000000000002,2.495263828663224,2.521315957165806
17.650000000000002,2.462,2.44,,2.5300000000000002,2.495263828663224,2.521315957165806
17.7,2.4659999999999997,2.67,,2.5300000000000002,2.495263828663224,2.521315957165806
17.75,2.47,2.17,,2.44,2.495263828663224,2.453815957165806
17.8,2.474,2.68,2.4,2.67,2.4619214886310954,2.6179803721577737
17.85,2.478,1.96,,2.17,2.4619214886310954,2.2429803721577737
17.900000000000002,2.482,2.66,,2.66,2.4619214886310954,2.610480372157774
17.95,2.4859999999999998,2.5300000000000002,,2.5300000000000002,2.4619214886310954,2.512980372157774
18.0,2.49,2.38,2.56,2.5300000000000002,2.496248967610212,2.5215622419025534
18.05,2.494,2.71,,2.5300000000000002,2.496248967610212,2.5215622419025534
18.1,2.498,2.64,,2.64,2.496248967610212,2.604062241902553
18.150000000000002,2.5020000000000002,2.37,,2.64,2.496248967610212,2.604062241902553
18.2,2.506,2.31,2.64,2.37,2.546561828946638,2.41414045723666
18.25,2.51,2.3000000000000003,,2.31,2.546561828946638,2.3691404572366594
18.3,2.5140000000000002,2.59,,2.31,2.546561828946638,2.3691404572366594
18.35,2.5180000000000002,2.54,,2.54,2.546561828946638,2.5416404572366593
18.400000000000002,2.5220000000000002,2.36,2.56,2.54,2.5512651888153144,2.542816297203829
18.45,2.526,2.7800000000000002,,2.54,2.5512651888153144,2.542816297203829
18.5,2.5300000000000002,,,2.54,2.5512651888153144,2.542816297203829
18.55,2.5340000000000003,2.65,,2.65,2.5512651888153144,2.6253162972038284
18.6,2.5380000000000003,2.5300000000000002,2.62,2.65,2.5753223727299543,2.631330593182488
18.650000000000002,2.5420000000000003,2.84,,2.65,2.5753223727299543,2.631330593182488
18.7,2.546,2.33,,2.5300000000000002,2.5753223727299543,2.5413305931824888
18.75,2.55,2.43,,2.43,2.5753223727299543,2.466330593182489
18.8,2.5540000000000003,2.72,2.64,2.43,2.59795954227447,2.4719898855686178
18.85,2.5580000000000003,2.74,,2.72,2.59795954227447,2.6894898855686176
18.900000000000002,2.5620000000000003,2.41,,2.72,2.59795954227447,2.6894898855686176
18.95,2.566,2.5,,2.5,2.59795954227447,2.5244898855686175
19.0,2.57,2.44,2.58,2.44,2.5916737024784053,2.4779184256196016
19.05,2.574,2.5300000000000002,,2.5,2.5916737024784053,2.5229184256196016
19.1,2.5780000000000003,,,2.5,2.5916737024784053,2.5229184256196016
19.150000000000002,2.5820000000000003,3.62,,2.5300000000000002,2.5916737024784053,2.5454184256196015
19.200000000000003,2.5860000000000003,2.59,2.62,2.59,2.6015879066109635,2.5928969766527405
19.25,2.59,2.44,,2.59,2.6015879066109635,2.5928969766527405
19.3,2.5940000000000003,3.02,,2.59,2.6015879066109635,2.5928969766527405
19.35,2.5980000000000003,2.48,,2.48,2.6015879066109635,2.510396976652741
19.400000000000002,2.6020000000000003,2.35,2.56,2.48,2.5870321392971265,2.5067580348242817
19.450000000000003,2.6060000000000003,2.91,,2.48,2.5870321392971265,2.5067580348242817
19.5,2.61,3.44,,2.91,2.5870321392971265,2.8292580348242815
19.55,2.614,,,2.91,2.5870321392971265,2.8292580348242815
19.6,2.6180000000000003,2.5300000000000002,,2.91,2.5870321392971265,2.8292580348242815
19.650000000000002,2.6220000000000003,2.63,,2.63,2.5870321392971265,2.6192580348242815
19.700000000000003,2.6260000000000003,3.0300000000000002,,2.63,2.5870321392971265,2.6192580348242815
19.75,2.63,2.45,,2.63,2.5870321392971265,2.6192580348242815
19.8,2.634,3.06,2.64,3.0300000000000002,2.6055708905431323,2.923892722635783
19.85,2.638,2.99,,2.99,2.6055708905431323,2.8938927226357833
19.900000000000002,2.6420000000000003,2.8000000000000003,,2.99,2.6055708905431323,2.8938927226357833
19.950000000000003,2.6460000000000004,2.64,,2.8000000000000003,2.6055708905431323,2.7513927226357833
