route_point,x,y
0,0.0,0.0
1,0,0
2,0.0195,-0.009
3,0.0638,-0.006
4,0.0992,-0.006
5,0.1375,-0.0031
6,0.1965,0.0028
7,0.2319,0.0028
8,0.2908,0.0028
9,0.3262,0.0028
10,0.3616,0.0028
11,0.4177,0.0028
12,0.4589,0.0028
13,0.5002,0.0028
14,0.5415,0.0058
15,0.5769,0.0087
16,0.6182,0.0117
17,0.6536,0.0176
18,0.6919,0.0235
19,0.7391,0.0235
20,0.7804,0.0235
21,0.8187,0.0235
22,0.8629,0.0235
23,0.8983,0.0323
24,0.9455,0.0412
25,0.9809,0.0618
26,1.0104,0.0883
27,1.0369,0.1149
28,1.0694,0.1385
29,1.1018,0.1562
30,1.1284,0.1798
31,1.1519,0.2063
32,1.1667,0.2387
33,1.1844,0.2712
34,1.1873,0.3095
35,1.1873,0.3449
36,1.1873,0.3803
37,1.1903,0.4157
38,1.1903,0.4511
39,1.1903,0.4864
40,1.1903,0.5218
41,1.1844,0.5631
42,1.1814,0.6015
43,1.1755,0.6398
44,1.1726,0.6752
45,1.1726,0.7106
46,1.1667,0.746
47,1.1608,0.7813
48,1.1608,0.8197
49,1.1726,0.8551
50,1.1755,0.8905
51,1.1755,0.9258
52,1.2021,0.9494
53,1.2404,0.9465
54,1.2728,0.9317
55,1.3112,0.9199
56,1.3466,0.9111
57,1.3879,0.9081
58,1.4232,0.9052
59,1.4616,0.9081
60,1.4999,0.9111
61,1.5412,0.9111
62,1.5766,0.914
63,1.612,0.9199
64,1.6592,0.9347
65,1.6946,0.9406
66,1.7299,0.9406
67,1.7683,0.9465
68,1.8037,0.9435
69,1.842,0.9494
70,1.8774,0.9642
71,1.9157,0.9701
72,1.9511,0.9789
73,1.9835,0.9937
74,2.0189,1.0143
75,2.0425,1.0467
76,2.0573,1.088
77,2.072,1.1293
78,2.0838,1.1647
79,2.1015,1.1971
80,2.1133,1.2355
81,2.1251,1.2709
82,2.131,1.3092
83,2.1339,1.3446
84,2.1339,1.3829
85,2.1222,1.4183
86,2.1015,1.4537
87,2.075,1.4891
88,2.0543,1.5215
89,2.0396,1.5599
90,2.0248,1.6012
91,2.0101,1.6395
92,2.0042,1.6837
93,1.9953,1.7221
94,1.9835,1.7604
95,1.9688,1.7958
96,1.9541,1.8341
97,1.9305,1.8607
98,1.901,1.8843
99,1.8656,1.9049
100,1.8332,1.9226
101,1.8007,1.9432
102,1.7653,1.9639
103,1.55,2.05
