time,true_x,true_y,true_theta,odom_x,odom_y,odom_theta
0,0,0,-0.43240777557053783,0,0,-0.43240777557053783
0.1,0.02358419450658946,-0.008777223356042219,-0.2866225014791098,0.02358419450658946,-0.008777223356042219,-0.2866225014791098
0.2,0.049878667264446265,-0.014760217046583089,-0.16526345190581862,0.049878667264446265,-0.014760217046583089,-0.16526345190581862
0.3,0.07834143613227079,-0.018062208359647253,-0.0740183308930604,0.07834143613227079,-0.018062208359647253,-0.0740183308930604
0.4,0.10849049164822983,-0.019228051457468583,-0.010290271411263598,0.10849049164822983,-0.019228051457468583,-0.010290271411263598
0.5,0.13986189532323495,-0.01884117739421224,0.03382372554811361,0.13986189532323495,-0.01884117739421224,0.03382372554811361
0.6,0.17200074779147,-0.017193595317341916,0.06451920819184291,0.17200074779147,-0.017193595317341916,0.06451920819184291
0.7000000000000001,0.20483347820435943,-0.014725706491062163,0.08245491848912484,0.20483347820435943,-0.014725706491062163,0.08245491848912484
0.8,0.2382860548877236,-0.011823305299049906,0.08759429813962401,0.2382860548877236,-0.011823305299049906,0.08759429813962401
0.9,0.2720323608606059,-0.008896759648879064,0.0854590981083917,0.2720323608606059,-0.008896759648879064,0.0854590981083917
1,0.30550907343542155,-0.00612785480117699,0.07870459802322687,0.30550907343542155,-0.00612785480117699,0.07870459802322687
1.1,0.3388832620937151,-0.0036293879435614043,0.06984567719391085,0.3388832620937151,-0.0036293879435614043,0.06984567719391085
1.2,0.3722383198037146,-0.0014691694757503052,0.06025728502577945,0.3722383198037146,-0.0014691694757503052,0.06025728502577945
1.3,0.40582969298816723,0.0004563591979817402,0.05436577170701342,0.40582969298816723,0.0004563591979817402,0.05436577170701342
1.4000000000000001,0.43965479982286215,0.0022609211463268013,0.05226908563522534,0.43965479982286215,0.0022609211463268013,0.05226908563522534
1.5,0.47359706533319645,0.004039866093118535,0.0524534551621708,0.47359706533319645,0.004039866093118535,0.0524534551621708
1.6,0.5071541240057946,0.005890214708154124,0.05891079118523146,0.5071541240057946,0.005890214708154124,0.05891079118523146
1.7,0.5404576499680758,0.008009617295034717,0.06931611420104511,0.5404576499680758,0.008009617295034717,0.06931611420104511
1.8,0.5740348698935723,0.010476247522689924,0.07486043590038613,0.5740348698935723,0.010476247522689924,0.07486043590038613
1.9000000000000001,0.6078104281813562,0.013028163164321994,0.074900523131015,0.6078104281813562,0.013028163164321994,0.074900523131015
2,0.6414309787236245,0.01546757741718109,0.07004904689068664,0.6414309787236245,0.01546757741718109,0.07004904689068664
2.1,0.6748551574880369,0.017670313784271866,0.06172683283879886,0.6748551574880369,0.017670313784271866,0.06172683283879886
2.2,0.7082099375356794,0.01957317762402409,0.05194909017576562,0.7082099375356794,0.01957317762402409,0.05194909017576562
2.3000000000000003,0.7416418899641808,0.02119895684709188,0.04942785218010441,0.7416418899641808,0.02119895684709188,0.04942785218010441
2.4,0.7749081080917569,0.022994651716447143,0.06071754689025999,0.7749081080917569,0.022994651716447143,0.06071754689025999
2.5,0.8079039273028371,0.02526343246004753,0.0762805908381854,0.8079039273028371,0.02526343246004753,0.0762805908381854
2.6,0.8390844606033347,0.028355136000792865,0.12034000445732648,0.8390844606033347,0.028355136000792865,0.12034000445732648
2.7,0.8687215355863327,0.03286834143577886,0.18672178975014384,0.8687215355863327,0.03286834143577886,0.18672178975014384
2.8000000000000003,0.8975027775749106,0.03934369748797995,0.26159991872619115,0.8975027775749106,0.03934369748797995,0.26159991872619115
2.9,0.925325142870504,0.04802710863350121,0.3422971399364443,0.925325142870504,0.04802710863350121,0.3422971399364443
3,0.9528088628066153,0.05900289046784256,0.4156437237932538,0.9528088628066153,0.05900289046784256,0.4156437237932538
3.1,0.9804904576206694,0.07220358228126447,0.47097732655912783,0.9804904576206694,0.07220358228126447,0.47097732655912783
3.2,1.007735668006494,0.0869397076906343,0.5211098333809029,1.007735668006494,0.0869397076906343,0.5211098333809029
3.3000000000000003,1.0340566140887975,0.10295406079384206,0.573787674474739,1.0340566140887975,0.10295406079384206,0.573787674474739
3.4,1.059072591423014,0.12011184522647783,0.634495494937204,1.059072591423014,0.12011184522647783,0.634495494937204
3.5,1.0824193421059498,0.1385811313070324,0.7048091898978232,1.0824193421059498,0.1385811313070324,0.7048091898978232
3.6,1.1043647680908502,0.15866420156788283,0.7756010896637171,1.1043647680908502,0.15866420156788283,0.7756010896637171
3.7,1.123435111504403,0.17933318142115623,0.8726272080648733,1.123435111504403,0.17933318142115623,0.8726272080648733
3.8000000000000003,1.140113472723794,0.2014112716694981,0.9772153569306739,1.140113472723794,0.2014112716694981,0.9772153569306739
3.9,1.1545652194498714,0.22530414655490658,1.0784945691423398,1.1545652194498714,0.22530414655490658,1.0784945691423398
4,1.1666465142333247,0.25077432646988834,1.1750779289889766,1.1666465142333247,0.25077432646988834,1.1750779289889766
4.1,1.1766091395576912,0.2778955179738247,1.2600817914901286,1.1766091395576912,0.2778955179738247,1.2600817914901286
4.2,1.1844626448756392,0.30615384354521746,1.3372105010262145,1.1844626448756392,0.30615384354521746,1.3372105010262145
4.3,1.1904016971088358,0.3355415592634298,1.4037266317075172,1.1904016971088358,0.3355415592634298,1.4037266317075172
4.4,1.194615686790378,0.365883340631251,1.4595986510057335,1.194615686790378,0.365883340631251,1.4595986510057335
4.5,1.1972898032883428,0.3967518488554163,1.5096642780486218,1.1972898032883428,0.3967518488554163,1.5096642780486218
4.6000000000000005,1.198445018245329,0.42792446586657396,1.556783538626166,1.198445018245329,0.42792446586657396,1.556783538626166
4.7,1.1982818787773863,0.4596564217027697,1.5942556196947046,1.1982818787773863,0.4596564217027697,1.5942556196947046
4.8,1.1969827653761014,0.49158780742405767,1.628072256340026,1.1969827653761014,0.49158780742405767,1.628072256340026
4.9,1.1946660601834052,0.5239177839847026,1.654452119209792,1.1946660601834052,0.5239177839847026,1.654452119209792
5,1.1916085009383353,0.5569085686215993,1.6688623951292711,1.1916085009383353,0.5569085686215993,1.6688623951292711
5.1000000000000005,1.1881837028196165,0.590151434508214,1.6785071776278897,1.1881837028196165,0.590151434508214,1.6785071776278897
5.2,1.1844244550783487,0.6232961220124288,1.6891336539071145,1.1844244550783487,0.6232961220124288,1.6891336539071145
5.3,1.1803166275283827,0.6566205106530901,1.69474042849362,1.1803166275283827,0.6566205106530901,1.69474042849362
5.4,1.1762236181322678,0.689869143815323,1.6865541876766,1.1762236181322678,0.689869143815323,1.6865541876766
5.5,1.1730448189972522,0.7217231663651227,1.6537076252148302,1.1730448189972522,0.7217231663651227,1.6537076252148302
5.6000000000000005,1.170930457524392,0.7536736743513182,1.620730418462501,1.170930457524392,0.7536736743513182,1.620730418462501
5.7,1.1697357843023288,0.7860974860758418,1.5950421030674917,1.1697357843023288,0.7860974860758418,1.5950421030674917
5.8,1.1701323126344172,0.8156474705103346,1.521598460208014,1.1701323126344172,0.8156474705103346,1.521598460208014
5.9,1.1731126296472094,0.8375322923753379,1.326905878812762,1.1731126296472094,0.8375322923753379,1.326905878812762
6,1.1799888786974522,0.8547321084063956,1.0717054700097757,1.1799888786974522,0.8547321084063956,1.0717054700097757
6.1000000000000005,1.1916301146991326,0.8713332529192521,0.8437981477764754,1.1916301146991326,0.8713332529192521,0.8437981477764754
6.2,1.2080897272971698,0.8863505737795466,0.6454318899107423,1.2080897272971698,0.8863505737795466,0.6454318899107423
6.3,1.228289163950828,0.8989581793625055,0.47597832158686215,1.228289163950828,0.8989581793625055,0.47597832158686215
6.4,1.2518882193017067,0.9089891984771543,0.3332166298631847,1.2518882193017067,0.9089891984771543,0.3332166298631847
6.5,1.2777782982927377,0.9162232969032266,0.21573619464476435,1.2777782982927377,0.9162232969032266,0.21573619464476435
6.6000000000000005,1.3059812916657727,0.9209717682681827,0.12570596775318052,1.3059812916657727,0.9209717682681827,0.12570596775318052
6.7,1.3359810395431881,0.9236884210547891,0.06118107810550849,1.3359810395431881,0.9236884210547891,0.06118107810550849
6.8,1.367259172079515,0.9248566334000771,0.016216229322016034,1.367259172079515,0.9248566334000771,0.016216229322016034
6.9,1.3993317829490501,0.9248505196632486,-0.01589329366757697,1.3993317829490501,0.9248505196632486,-0.01589329366757697
7,1.4322956614441196,0.9239989907146073,-0.03299458770822649,1.4322956614441196,0.9239989907146073,-0.03299458770822649
7.1000000000000005,1.4659003615315145,0.9228594663252244,-0.032014280444491505,1.4659003615315145,0.9228594663252244,-0.032014280444491505
7.2,1.4982715713685555,0.922185527216471,-0.005297392674081337,1.4982715713685555,0.922185527216471,-0.005297392674081337
7.3,1.5305172324465155,0.922489814444289,0.02424624985508457,1.5305172324465155,0.922489814444289,0.02424624985508457
7.4,1.562855915392008,0.9237484265905404,0.05133908918519278,1.562855915392008,0.9237484265905404,0.05133908918519278
7.5,1.5957944711515204,0.9257220123150942,0.06804182482557325,1.5957944711515204,0.9257220123150942,0.06804182482557325
7.6000000000000005,1.6286432727124331,0.9282538421651936,0.08546208795738137,1.6286432727124331,0.9282538421651936,0.08546208795738137
7.7,1.662288750869823,0.931229010757719,0.08821606943523924,1.662288750869823,0.931229010757719,0.08821606943523924
7.8,1.6959285161437188,0.9342499029405614,0.09168153190952597,1.6959285161437188,0.9342499029405614,0.09168153190952597
7.9,1.7287178181040197,0.9374634133434158,0.10901196953091191,1.7287178181040197,0.9374634133434158,0.10901196953091191
8,1.7611599023549946,0.9413938871718388,0.1308703952443581,1.7611599023549946,0.9413938871718388,0.1308703952443581
8.1,1.7936640860177162,0.9459874146017582,0.15034399241371635,1.7936640860177162,0.9459874146017582,0.15034399241371635
8.2,1.825914379207469,0.9512024546041613,0.17242701966114765,1.825914379207469,0.9512024546041613,0.17242701966114765
8.3,1.85724912054577,0.9571781183304952,0.20709565299102037,1.85724912054577,0.9571781183304952,0.20709565299102037
8.4,1.887740184957512,0.9643162535305148,0.2518081757320475,1.887740184957512,0.9643162535305148,0.2518081757320475
8.5,1.916154130412453,0.9726423076648114,0.32433927813898805,1.916154130412453,0.9726423076648114,0.32433927813898805
8.6,1.9420929789458348,0.9826714928873559,0.4265482632867317,1.9420929789458348,0.9826714928873559,0.4265482632867317
8.700000000000001,1.966205392665081,0.9952726888538621,0.54007335484731,1.966205392665081,0.9952726888538621,0.54007335484731
8.8,1.9882426579215087,1.0104308190117666,0.6607523890788077,1.9882426579215087,1.0104308190117666,0.6607523890788077
8.9,2.0088439787326724,1.0283553986955625,0.7723362559554887,2.0088439787326724,1.0283553986955625,0.7723362559554887
9,2.0279300787758086,1.0489650839346607,0.8705179395334901,2.0279300787758086,1.0489650839346607,0.8705179395334901
9.1,2.0457862406031904,1.072035670322398,0.9515312603703666,2.0457862406031904,1.072035670322398,0.9515312603703666
9.200000000000001,2.0619183388354294,1.0966381513146972,1.027168219198622,2.0619183388354294,1.0966381513146972,1.027168219198622
9.3,2.076627633925339,1.1229196538174784,1.0918004927519052,2.076627633925339,1.1229196538174784,1.0918004927519052
9.4,2.089861964683356,1.1503229641890178,1.1510171078598173,2.089861964683356,1.1503229641890178,1.1510171078598173
9.5,2.101478843235519,1.1785236528486203,1.2092084935557585,2.101478843235519,1.1785236528486203,1.2092084935557585
9.6,2.11146105023222,1.20743370801342,1.2660768157129736,2.11146105023222,1.20743370801342,1.2660768157129736
9.700000000000001,2.119702686812989,1.2367141281734213,1.3252425716779594,2.119702686812989,1.2367141281734213,1.3252425716779594
9.8,2.126066671449424,1.2659233148689366,1.3933087559200041,2.126066671449424,1.2659233148689366,1.3933087559200041
9.9,2.1300996322711927,1.2945893050000046,1.476955779890451,2.1300996322711927,1.2945893050000046,1.476955779890451
10,2.131406091214417,1.3226404840179138,1.5752231364752423,2.131406091214417,1.3226404840179138,1.5752231364752423
10.1,2.1297570381046778,1.350141321667524,1.6825588371863103,2.1297570381046778,1.350141321667524,1.6825588371863103
10.200000000000001,2.125254720724329,1.3780010522858928,1.778984064840593,2.125254720724329,1.3780010522858928,1.778984064840593
10.3,2.1180064187429593,1.4061458616202405,1.8617240977830354,2.1180064187429593,1.4061458616202405,1.8617240977830354
10.4,2.108398954774795,1.4349383408051148,1.9224506626367142,2.108398954774795,1.4349383408051148,1.9224506626367142
10.5,2.096869040416341,1.464346889622872,1.9625710616975853,2.096869040416341,1.464346889622872,1.9625710616975853
10.6,2.0840478078814577,1.4940620899166737,1.9900209484975895,2.0840478078814577,1.4940620899166737,1.9900209484975895
10.700000000000001,2.070371330858795,1.524077679320313,2.00144184064611,2.070371330858795,1.524077679320313,2.00144184064611
10.8,2.056694116580962,1.554367136035498,1.9886808983426834,2.056694116580962,1.554367136035498,1.9886808983426834
10.9,2.0437900572163548,1.5843499754271764,1.9662295102984493,2.0437900572163548,1.5843499754271764,1.9662295102984493
11,2.031517797475108,1.6146653934589354,1.9447910962792752,2.031517797475108,1.6146653934589354,1.9447910962792752
11.1,2.01974187243457,1.6455123159717238,1.928324239572717,2.01974187243457,1.6455123159717238,1.928324239572717
11.200000000000001,2.008192123282204,1.6769123561302,1.9193204001282347,2.008192123282204,1.6769123561302,1.9193204001282347
11.3,1.99684862150214,1.7083671530762583,1.91913687276117,1.99684862150214,1.7083671530762583,1.91913687276117
11.4,1.9853458919332243,1.7390068994892287,1.9403341881168863,1.9853458919332243,1.7390068994892287,1.9403341881168863
11.5,1.9734450245657822,1.7674445576240487,1.9927445875955412,1.9734450245657822,1.7674445576240487,1.9927445875955412
11.6,1.9604327036483924,1.79347639305202,2.073608819222943,1.9604327036483924,1.79347639305202,2.073608819222943
11.700000000000001,1.9454786736226306,1.8182862038505103,2.157123298803279,1.9454786736226306,1.8182862038505103,2.157123298803279
11.8,1.9284756962738931,1.8416951678400457,2.241219967824533,1.9284756962738931,1.8416951678400457,2.241219967824533
11.9,1.9093233800051665,1.8639653521728352,2.318885126124186,1.9093233800051665,1.8639653521728352,2.318885126124186
12,1.8883685458130228,1.8849356880614507,2.3907981033240415,1.8883685458130228,1.8849356880614507,2.3907981033240415
12.1,1.8664215653498544,1.90391823285816,2.473389481902131,1.8664215653498544,1.90391823285816,2.473389481902131
12.200000000000001,1.8425973562966043,1.9212046741106723,2.550858717196343,1.8425973562966043,1.9212046741106723,2.550858717196343
12.3,1.8166533133353207,1.9374318641516015,2.6118195968023934,1.8166533133353207,1.9374318641516015,2.6118195968023934
12.4,1.7890822675122497,1.9526621566386888,2.66000647856689,1.7890822675122497,1.9526621566386888,2.66000647856689
12.5,1.7602602633654654,1.9670037200674861,2.6982155786091284,1.7602602633654654,1.9670037200674861,2.6982155786091284
12.6,1.7304725694392455,1.980579061908581,2.72855026630015,1.7304725694392455,1.980579061908581,2.72855026630015
12.700000000000001,1.6999352213812051,1.9935098361252617,2.7525882109740216,1.6999352213812051,1.9935098361252617,2.7525882109740216
12.780000000000001,1.6750766362182645,2.003467905730789,2.7680758461878123,1.6750766362182645,2.003467905730789,2.7680758461878123
